{"cameraMode":{"drawMode":0,"name":"Shaded","section":"Shading Mode"},"sceneLighting":false,"audioPlay":false,"sceneViewState":{"m_AlwaysRefresh":false,"showFog":true,"showSkybox":false,"showFlares":true,"showImageEffects":true,"showParticleSystems":true,"showVisualEffectGraphs":true,"m_FxEnabled":true},"in2DMode":false,"pivot":{"x":81.97999572753906,"y":-1.037927269935608,"z":6.1399993896484379},"rotation":{"x":0.11929932236671448,"y":-0.08240970224142075,"z":0.009936869144439698,"w":0.9893841743469238},"size":0.8356248736381531,"orthographic":false}