{"cameraMode":{"drawMode":0,"name":"Shaded","section":"Shading Mode"},"sceneLighting":true,"audioPlay":false,"sceneViewState":{"m_AlwaysRefresh":false,"showFog":true,"showSkybox":true,"showFlares":true,"showImageEffects":true,"showParticleSystems":true,"showVisualEffectGraphs":true,"m_FxEnabled":true},"in2DMode":false,"pivot":{"x":28.891746520996095,"y":0.7323033213615418,"z":-8.721366882324219},"rotation":{"x":-0.2966826856136322,"y":-0.18442174792289735,"z":0.058503154665231708,"w":-0.9351916909217835},"size":1.6793272495269776,"orthographic":true}