{"cameraMode":{"drawMode":0,"name":"Shaded","section":"Shading Mode"},"sceneLighting":false,"audioPlay":false,"sceneViewState":{"m_AlwaysRefresh":false,"showFog":true,"showSkybox":false,"showFlares":true,"showImageEffects":true,"showParticleSystems":true,"showVisualEffectGraphs":true,"m_FxEnabled":true},"in2DMode":false,"pivot":{"x":3.0299999713897707,"y":6.236776828765869,"z":14.279998779296875},"rotation":{"x":0.23454996943473817,"y":0.043727364391088489,"z":-0.010561889037489891,"w":0.9710631370544434},"size":3.138373374938965,"orthographic":false}