{"cameraMode":{"drawMode":0,"name":"Shaded","section":"Shading Mode"},"sceneLighting":false,"audioPlay":false,"sceneViewState":{"m_AlwaysRefresh":false,"showFog":true,"showSkybox":false,"showFlares":true,"showImageEffects":true,"showParticleSystems":true,"showVisualEffectGraphs":true,"m_FxEnabled":true},"in2DMode":false,"pivot":{"x":0.013788700103759766,"y":1.0992255210876465,"z":0.15500426292419434},"rotation":{"x":-0.06422603130340576,"y":-0.9319461584091187,"z":0.20479288697242738,"w":-0.29226410388946535},"size":0.700543999671936,"orthographic":false}